{"format": "layers-model", "generatedBy": "keras v2.7.0", "convertedBy": "TensorFlow.js Converter v3.11.0", "modelTopology": {"keras_version": "2.7.0", "backend": "tensorflow", "model_config": {"class_name": "Sequential", "config": {"name": "sequential_14", "layers": [{"class_name": "InputLayer", "config": {"batch_input_shape": [null, 11], "dtype": "float32", "sparse": false, "ragged": false, "name": "dense_58_input"}}, {"class_name": "Dense", "config": {"name": "dense_58", "trainable": true, "batch_input_shape": [null, 11], "dtype": "float32", "units": 256, "activation": "relu", "use_bias": true, "kernel_initializer": {"class_name": "GlorotUniform", "config": {"seed": null}}, "bias_initializer": {"class_name": "Zeros", "config": {}}, "kernel_regularizer": null, "bias_regularizer": null, "activity_regularizer": null, "kernel_constraint": null, "bias_constraint": null}}, {"class_name": "Dense", "config": {"name": "dense_59", "trainable": true, "dtype": "float32", "units": 256, "activation": "relu", "use_bias": true, "kernel_initializer": {"class_name": "GlorotUniform", "config": {"seed": null}}, "bias_initializer": {"class_name": "Zeros", "config": {}}, "kernel_regularizer": null, "bias_regularizer": null, "activity_regularizer": null, "kernel_constraint": null, "bias_constraint": null}}, {"class_name": "Dense", "config": {"name": "dense_60", "trainable": true, "dtype": "float32", "units": 256, "activation": "relu", "use_bias": true, "kernel_initializer": {"class_name": "GlorotUniform", "config": {"seed": null}}, "bias_initializer": {"class_name": "Zeros", "config": {}}, "kernel_regularizer": null, "bias_regularizer": null, "activity_regularizer": null, "kernel_constraint": null, "bias_constraint": null}}, {"class_name": "Dense", "config": {"name": "dense_61", "trainable": true, "dtype": "float32", "units": 1, "activation": "sigmoid", "use_bias": true, "kernel_initializer": {"class_name": "GlorotUniform", "config": {"seed": null}}, "bias_initializer": {"class_name": "Zeros", "config": {}}, "kernel_regularizer": null, "bias_regularizer": null, "activity_regularizer": null, "kernel_constraint": null, "bias_constraint": null}}]}}, "training_config": {"loss": "binary_crossentropy", "metrics": [[{"class_name": "BinaryAccuracy", "config": {"name": "binary_accuracy", "dtype": "float32", "threshold": 0.5}}]], "weighted_metrics": null, "loss_weights": null, "optimizer_config": {"class_name": "Adam", "config": {"name": "Adam", "learning_rate": 0.0010000000474974513, "decay": 0.0, "beta_1": 0.8999999761581421, "beta_2": 0.9990000128746033, "epsilon": 1e-07, "amsgrad": false}}}}, "weightsManifest": [{"paths": ["group1-shard1of1.bin"], "weights": [{"name": "dense_58/kernel", "shape": [11, 256], "dtype": "float32"}, {"name": "dense_58/bias", "shape": [256], "dtype": "float32"}, {"name": "dense_59/kernel", "shape": [256, 256], "dtype": "float32"}, {"name": "dense_59/bias", "shape": [256], "dtype": "float32"}, {"name": "dense_60/kernel", "shape": [256, 256], "dtype": "float32"}, {"name": "dense_60/bias", "shape": [256], "dtype": "float32"}, {"name": "dense_61/kernel", "shape": [256, 1], "dtype": "float32"}, {"name": "dense_61/bias", "shape": [1], "dtype": "float32"}]}]}